{"train/total_loss": 0.07210289686918259, "train/classification_loss": 0.07210289686918259, "_timestamp": 1711786917.2358453, "_runtime": 119.25211429595947, "_step": 296, "val/accuracy": 0.9712101817131042, "val/loss": 0.12074276149993943, "_wandb": {"runtime": 118}}