{"train/total_loss": 0.1651824414730072, "train/classification_loss": 0.1651824414730072, "_timestamp": 1711996997.0015182, "_runtime": 35.92690825462341, "_step": 65, "_wandb": {"runtime": 35}}