{"train/total_loss": 0.23076339066028595, "train/classification_loss": 0.23076339066028595, "_timestamp": 1711822682.661971, "_runtime": 26.223037004470825, "_step": 46, "_wandb": {"runtime": 26}}