{"train/total_loss": 0.07210289686918259, "train/classification_loss": 0.07210289686918259, "_timestamp": 1711820986.8642788, "_runtime": 119.18811082839966, "_step": 296, "val/accuracy": 0.9712101817131042, "val/loss": 0.12074276149993943, "_wandb": {"runtime": 118}}