{"train/total_loss": 4.586606979370117, "train/classification_loss": 0.0718659982085228, "train/distr_prior_loss": 4.508241176605225, "train/ponder_loss": 0.006499648559838533, "_timestamp": 1713027865.4975529, "_runtime": 137.36520886421204, "_step": 300, "train/num_halted_tokens_per_layer": {}, "val/accuracy": 0.9712101817131042, "val/loss": 0.12063624902117637, "_wandb": {"runtime": 137}}