{"train/total_loss": 4.586606979370117, "train/classification_loss": 0.0718659982085228, "train/distr_prior_loss": 4.508241176605225, "train/ponder_loss": 0.006499648559838533, "_timestamp": 1713096560.215514, "_runtime": 136.68628001213074, "_step": 592, "train/num_halted_tokens_per_layer/layer1": 19, "val/accuracy": 0.9712101817131042, "val/loss": 0.12063624902117637, "_wandb": {"runtime": 136}}