{"train/total_loss": 4.576117038726807, "train/classification_loss": 0.06137596815824509, "train/distr_prior_loss": 4.508241176605225, "train/ponder_loss": 0.006499897222965956, "_timestamp": 1713095541.631455, "_runtime": 123.7125039100647, "_step": 262, "train/num_halted_tokens_per_layer": {}, "val/accuracy": 0.9712101817131042, "val/loss": 0.12063624902117637, "_wandb": {"runtime": 123}}