{"train/total_loss": 0.21891245245933533, "train/classification_loss": 0.21891245245933533, "_timestamp": 1711787315.587245, "_runtime": 28.534841060638428, "_step": 52}