{"train/total_loss": 4.586606979370117, "train/classification_loss": 0.0718659982085228, "train/distr_prior_loss": 4.508241176605225, "train/ponder_loss": 0.006499648559838533, "_timestamp": 1712646229.7769837, "_runtime": 137.67620182037354, "_step": 296, "val/accuracy": 0.9712101817131042, "val/loss": 0.12063624902117637, "_wandb": {"runtime": 137}}